item_id,genre,release_decade
1,Animation,1990
1,Children's,1990
1,Comedy,1990
2,Action,1990
2,Adventure,1990
2,Thriller,1990
3,Thriller,1990
4,Action,1990
4,Comedy,1990
4,Drama,1990
5,Crime,1990
5,Drama,1990
5,Thriller,1990
6,Drama,1990
7,Drama,1990
7,Sci-Fi,1990
8,Children's,1990
8,Comedy,1990
8,Drama,1990
9,Drama,1990
10,Drama,1990
10,War,1990
11,Crime,1990
11,Thriller,1990
12,Crime,1990
12,Thriller,1990
13,Comedy,1990
14,Drama,1990
14,Romance,1990
15,Drama,1990
16,Comedy,1990
16,Romance,1990
17,Action,1990
17,Comedy,1990
17,Crime,1990
17,Horror,1990
17,Thriller,1990
18,Drama,1990
19,Drama,1990
20,Drama,1990
20,Romance,1990
21,Action,1990
21,Adventure,1990
21,Comedy,1990
21,Musical,1990
21,Thriller,1990
22,Action,1990
22,Drama,1990
22,War,1990
23,Drama,1990
23,Thriller,1990
24,Action,1990
24,Adventure,1990
24,Crime,1990
25,Comedy,1990
26,Comedy,1990
27,Action,1990
28,Action,1990
28,Drama,1990
28,Thriller,1990
29,Action,1990
29,Adventure,1990
29,Comedy,1990
29,Crime,1990
30,Drama,1960
31,Drama,1990
31,Thriller,1990
31,War,1990
32,Documentary,1990
33,Action,1990
33,Romance,1990
33,Thriller,1990
34,Comedy,1990
34,Drama,1990
35,Adventure,1990
35,Children's,1990
35,Drama,1990
36,Drama,1990
36,Romance,1990
37,Drama,1990
38,Sci-Fi,1990
38,Thriller,1990
39,Action,1990
39,Crime,1990
39,Sci-Fi,1990
40,Comedy,1990
41,Comedy,1990
42,Comedy,1990
43,Drama,1990
43,Thriller,1990
44,Drama,1990
44,Thriller,1990
45,Comedy,1990
45,Drama,1990
46,Drama,1990
47,Comedy,1990
47,Drama,1990
48,Documentary,1990
49,Comedy,1990
49,Romance,1990
50,Action,1970
50,Adventure,1970
50,Romance,1970
50,Sci-Fi,1970
50,War,1970
51,Drama,1990
51,Romance,1990
51,War,1990
51,Western,1990
52,Drama,1990
53,Action,1990
53,Thriller,1990
54,Action,1990
54,Drama,1990
54,Thriller,1990
55,Crime,1990
55,Drama,1990
55,Romance,1990
55,Thriller,1990
56,Crime,1990
56,Drama,1990
57,Drama,1990
58,Drama,1990
59,Drama,1990
60,Drama,1990
61,Drama,1990
62,Action,1990
62,Adventure,1990
62,Sci-Fi,1990
63,Children's,1990
63,Comedy,1990
64,Drama,1990
65,Comedy,1990
65,Drama,1990
66,Comedy,1990
66,Romance,1990
67,Comedy,1990
68,Action,1990
68,Romance,1990
68,Thriller,1990
69,Comedy,1990
69,Romance,1990
69,War,1990
70,Comedy,1990
70,Romance,1990
71,Animation,1990
71,Children's,1990
71,Musical,1990
72,Comedy,1990
72,Crime,1990
72,Fantasy,1990
73,Action,1990
73,Comedy,1990
73,Western,1990
74,Action,1960
74,Comedy,1960
74,Drama,1960
75,Documentary,1990
76,Crime,1990
76,Drama,1990
77,Drama,1990
77,Thriller,1990
78,Adventure,1990
78,Children's,1990
78,Drama,1990
79,Action,1990
79,Thriller,1990
80,Action,1990
80,Comedy,1990
80,War,1990
81,Comedy,1990
81,Romance,1990
82,Action,1990
82,Adventure,1990
82,Sci-Fi,1990
83,Comedy,1990
83,Romance,1990
84,Horror,1990
84,Sci-Fi,1990
85,Comedy,1990
86,Drama,1990
87,Drama,1990
88,Comedy,1990
88,Romance,1990
89,Film-Noir,1980
89,Sci-Fi,1980
90,Comedy,1990
90,Romance,1990
90,Thriller,1990
91,Children's,1990
91,Comedy,1990
91,Musical,1990
92,Action,1990
92,Crime,1990
92,Romance,1990
93,Comedy,1990
93,Drama,1990
94,Children's,1990
94,Comedy,1990
95,Animation,1990
95,Children's,1990
95,Comedy,1990
95,Musical,1990
96,Action,1990
96,Sci-Fi,1990
96,Thriller,1990
97,Adventure,1990
97,Drama,1990
97,Western,1990
98,Drama,1990
98,Thriller,1990
99,Animation,1930
99,Children's,1930
99,Musical,1930
100,Crime,1990
100,Drama,1990
100,Thriller,1990
101,Action,1980
101,Adventure,1980
101,Animation,1980
101,Horror,1980
101,Sci-Fi,1980
102,Animation,1970
102,Children's,1970
103,Animation,1990
103,Children's,1990
103,Musical,1990
104,Comedy,1990
105,Comedy,1990
106,Drama,1990
106,Thriller,1990
107,Drama,1990
108,Comedy,1990
109,Comedy,1990
109,Sci-Fi,1990
110,Action,1990
110,Adventure,1990
110,Comedy,1990
110,War,1990
111,Comedy,1990
111,Romance,1990
112,Adventure,1990
112,Children's,1990
113,Drama,1990
114,Animation,1990
115,Documentary,1990
116,Comedy,1990
117,Action,1990
117,Adventure,1990
117,Thriller,1990
118,Action,1990
118,Adventure,1990
118,Thriller,1990
119,Documentary,1990
120,Comedy,1990
120,Crime,1990
121,Action,1990
121,Sci-Fi,1990
121,War,1990
122,Comedy,1990
123,Comedy,1990
123,Horror,1990
124,Drama,1990
124,Mystery,1990
125,Drama,1990
125,Romance,1990
126,Drama,1990
127,Action,1970
127,Crime,1970
127,Drama,1970
128,Action,1990
128,Thriller,1990
129,Crime,1990
129,Drama,1990
129,Romance,1990
129,Thriller,1990
130,Crime,1990
131,Drama,1960
131,Romance,1960
132,Adventure,1930
132,Children's,1930
132,Drama,1930
132,Musical,1930
133,Drama,1930
133,Romance,1930
133,War,1930
134,Drama,1940
135,Drama,1960
135,Mystery,1960
135,Sci-Fi,1960
135,Thriller,1960
136,Drama,1930
137,Drama,1990
138,Children's,1990
138,Comedy,1990
139,Children's,1960
139,Comedy,1960
140,Adventure,1990
140,Children's,1990
141,Adventure,1950
141,Children's,1950
141,Fantasy,1950
141,Sci-Fi,1950
142,Adventure,1970
142,Children's,1970
142,Musical,1970
143,Musical,1960
144,Action,1980
144,Thriller,1980
145,Action,1990
145,Sci-Fi,1990
145,Thriller,1990
146,Drama,1990
147,Action,1990
147,Thriller,1990
148,Action,1990
148,Adventure,1990
149,Drama,1990
150,Comedy,1990
150,Drama,1990
151,Adventure,1970
151,Children's,1970
151,Comedy,1970
152,Comedy,1970
152,Sci-Fi,1970
153,Comedy,1980
154,Comedy,1970
155,Musical,1980
155,Romance,1980
156,Crime,1990
156,Thriller,1990
157,Drama,1980
157,War,1980
158,Comedy,1980
159,Mystery,1990
159,Thriller,1990
160,Drama,1990
161,Action,1980
161,Romance,1980
162,Drama,1980
163,Comedy,1970
164,Action,1980
164,Adventure,1980
164,Sci-Fi,1980
164,Thriller,1980
165,Drama,1980
166,Drama,1980
167,Comedy,1980
168,Comedy,1970
169,Animation,1990
169,Comedy,1990
170,Comedy,1980
170,Drama,1980
170,Romance,1980
171,Comedy,1990
171,Sci-Fi,1990
172,Action,1980
172,Adventure,1980
172,Drama,1980
172,Romance,1980
172,Sci-Fi,1980
172,War,1980
173,Action,1980
173,Adventure,1980
173,Comedy,1980
173,Romance,1980
174,Action,1980
174,Adventure,1980
175,Sci-Fi,1980
176,Action,1980
176,Sci-Fi,1980
176,Thriller,1980
176,War,1980
177,Action,1960
177,Western,1960
178,Drama,1950
179,Sci-Fi,1970
180,Drama,1970
180,War,1970
181,Action,1990
181,Adventure,1990
181,Romance,1990
181,Sci-Fi,1990
181,War,1990
182,Crime,1990
182,Drama,1990
183,Action,1970
183,Horror,1970
183,Sci-Fi,1970
183,Thriller,1970
184,Action,1990
184,Adventure,1990
184,Comedy,1990
184,Horror,1990
184,Sci-Fi,1990
185,Horror,1960
185,Romance,1960
185,Thriller,1960
186,Action,1980
186,Comedy,1980
186,Musical,1980
187,Action,1970
187,Crime,1970
187,Drama,1970
188,Action,1980
188,Drama,1980
188,War,1980
189,Animation,1990
189,Comedy,1990
190,Drama,1980
190,War,1980
191,Drama,1980
191,Mystery,1980
192,Drama,1980
193,Drama,1980
194,Comedy,1970
194,Crime,1970
195,Action,1980
195,Sci-Fi,1980
195,Thriller,1980
196,Drama,1980
197,Drama,1960
197,Romance,1960
198,Thriller,1990
199,Drama,1950
199,War,1950
200,Horror,1980
201,Action,1980
201,Adventure,1980
201,Comedy,1980
201,Horror,1980
202,Comedy,1990
202,Romance,1990
203,Western,1990
204,Comedy,1980
204,Sci-Fi,1980
205,Drama,1970
205,War,1970
206,Adventure,1980
206,Animation,1980
206,Sci-Fi,1980
206,Thriller,1980
207,Action,1990
207,Drama,1990
207,Romance,1990
208,Comedy,1970
208,Horror,1970
209,Comedy,1980
209,Drama,1980
209,Musical,1980
210,Action,1980
210,Adventure,1980
211,Comedy,1970
211,War,1970
212,Drama,1980
213,Drama,1980
213,Romance,1980
214,Drama,1980
214,Musical,1980
214,War,1980
215,Drama,1980
216,Comedy,1980
216,Romance,1980
217,Horror,1990
217,Romance,1990
218,Thriller,1990
219,Horror,1980
220,Comedy,1990
220,Romance,1990
221,Drama,1990
222,Action,1990
222,Adventure,1990
222,Sci-Fi,1990
223,Drama,1990
223,Thriller,1990
224,Drama,1990
225,Children's,1990
225,Comedy,1990
226,Action,1990
226,Thriller,1990
227,Action,1990
227,Adventure,1990
227,Sci-Fi,1990
228,Action,1980
228,Adventure,1980
228,Sci-Fi,1980
229,Action,1980
229,Adventure,1980
229,Sci-Fi,1980
230,Action,1980
230,Adventure,1980
230,Sci-Fi,1980
231,Action,1990
231,Adventure,1990
231,Comedy,1990
231,Crime,1990
232,Action,1980
232,Comedy,1980
232,Western,1980
233,Action,1990
234,Action,1970
234,Horror,1970
235,Action,1990
235,Comedy,1990
235,Sci-Fi,1990
235,War,1990
236,Comedy,1990
236,Drama,1990
237,Drama,1990
237,Romance,1990
238,Comedy,1980
239,Crime,1990
239,Drama,1990
239,Sci-Fi,1990
240,Animation,1990
240,Comedy,1990
241,Action,1990
241,Romance,1990
241,War,1990
242,Comedy,1990
243,Children's,1990
243,Comedy,1990
244,Action,1990
244,Drama,1990
244,Thriller,1990
245,Action,1990
245,Drama,1990
245,Thriller,1990
245,War,1990
246,Drama,1990
246,Romance,1990
247,Action,1990
247,Adventure,1990
247,Children's,1990
248,Comedy,1990
248,Crime,1990
249,Comedy,1990
250,Action,1990
250,Sci-Fi,1990
251,Comedy,1990
252,Action,1990
252,Adventure,1990
252,Sci-Fi,1990
252,Thriller,1990
253,Drama,1990
253,Romance,1990
254,Action,1990
254,Adventure,1990
254,Crime,1990
255,Comedy,1990
255,Romance,1990
256,Comedy,1990
256,Romance,1990
257,Action,1990
257,Adventure,1990
257,Comedy,1990
257,Sci-Fi,1990
258,Drama,1990
258,Sci-Fi,1990
259,Children's,1990
259,Comedy,1990
260,Action,1990
260,Mystery,1990
260,Sci-Fi,1990
260,Thriller,1990
261,Children's,1990
261,Comedy,1990
262,Drama,1990
263,Action,1990
264,Sci-Fi,1990
264,Thriller,1990
265,Action,1990
265,Thriller,1990
266,Action,1990
266,Adventure,1990
267,unknown,nan
268,Drama,1990
268,Romance,1990
269,Comedy,1990
270,Drama,1990
270,Sci-Fi,1990
270,Thriller,1990
271,Action,1990
271,Adventure,1990
271,Sci-Fi,1990
271,War,1990
272,Drama,1990
273,Action,1990
273,Crime,1990
273,Thriller,1990
274,Comedy,1990
274,Romance,1990
275,Drama,1990
275,Romance,1990
276,Drama,1990
276,Romance,1990
277,Drama,1990
278,Drama,1990
278,Romance,1990
279,Drama,1990
280,Drama,1990
280,Romance,1990
281,Action,1990
281,Thriller,1990
282,Drama,1990
283,Drama,1990
283,Romance,1990
284,Comedy,1990
284,Romance,1990
285,Drama,1990
286,Drama,1990
286,Romance,1990
286,War,1990
287,Drama,1990
288,Horror,1990
288,Thriller,1990
289,Drama,1990
289,Musical,1990
290,Comedy,1990
291,Mystery,1990
291,Thriller,1990
292,Drama,1990
293,Crime,1990
293,Drama,1990
294,Comedy,1990
295,Action,1990
295,Thriller,1990
296,Drama,1990
297,Drama,1990
298,Action,1990
298,Sci-Fi,1990
298,Thriller,1990
299,Crime,1990
299,Drama,1990
299,Film-Noir,1990
300,Action,1990
300,Thriller,1990
301,Comedy,1990
302,Crime,1990
302,Film-Noir,1990
302,Mystery,1990
302,Thriller,1990
303,Drama,1990
304,Adventure,1990
304,Children's,1990
305,Drama,1990
306,Drama,1990
306,Romance,1990
307,Crime,1990
307,Horror,1990
307,Mystery,1990
307,Thriller,1990
308,Children's,1990
308,Drama,1990
308,Fantasy,1990
309,Crime,1990
310,Drama,1990
311,Drama,1990
311,Romance,1990
311,Thriller,1990
312,Comedy,1990
312,Crime,1990
312,Drama,1990
312,Mystery,1990
313,Action,1990
313,Drama,1990
313,Romance,1990
314,Action,1990
314,Children's,1990
315,Drama,1990
315,Thriller,1990
316,Comedy,1990
316,Drama,1990
317,Drama,1990
318,Drama,1990
318,War,1990
319,Comedy,1990
319,Musical,1990
319,Romance,1990
320,Documentary,1990
321,Comedy,1990
322,Mystery,1990
322,Thriller,1990
323,Action,1990
323,Thriller,1990
324,Mystery,1990
325,Drama,1990
325,Thriller,1990
326,Action,1990
326,Drama,1990
326,War,1990
327,Crime,1990
327,Drama,1990
327,Mystery,1990
328,Action,1990
328,Mystery,1990
328,Romance,1990
328,Thriller,1990
329,Crime,1990
329,Drama,1990
329,Thriller,1990
330,Drama,1990
331,Adventure,1990
331,Thriller,1990
332,Crime,1990
332,Drama,1990
332,Thriller,1990
333,Mystery,1990
333,Thriller,1990
334,Action,1990
334,Crime,1990
334,Mystery,1990
335,Comedy,1990
336,Crime,1990
336,Thriller,1990
337,Comedy,1990
337,Drama,1990
337,Thriller,1990
338,Comedy,1990
339,Action,1990
339,Drama,1990
340,Drama,1990
341,Comedy,1990
342,Comedy,1990
342,Mystery,1990
343,Action,1990
343,Horror,1990
343,Sci-Fi,1990
344,Drama,1990
345,Comedy,1990
345,Drama,1990
346,Crime,1990
346,Drama,1990
347,Comedy,1990
347,Drama,1990
348,Crime,1990
348,Drama,1990
348,Thriller,1990
349,Action,1990
349,Thriller,1990
350,Action,1990
350,Mystery,1990
350,Thriller,1990
351,Horror,1990
352,Comedy,1990
352,Musical,1990
353,Action,1990
353,Horror,1990
353,Sci-Fi,1990
354,Comedy,1990
354,Romance,1990
355,Adventure,1990
355,Sci-Fi,1990
355,Thriller,1990
356,Drama,1990
356,Mystery,1990
356,Thriller,1990
357,Drama,1970
358,Action,1990
358,Adventure,1990
358,Sci-Fi,1990
358,Thriller,1990
359,Thriller,1990
360,Documentary,1990
361,Crime,1990
361,Thriller,1990
362,Action,1990
362,Comedy,1990
362,Musical,1990
363,Action,1990
364,Comedy,1990
365,Drama,1990
366,Drama,1990
367,Comedy,1990
368,Comedy,1990
369,Comedy,1990
370,Drama,1990
370,Thriller,1990
371,Drama,1990
371,Romance,1990
372,Comedy,1990
373,Action,1990
373,Adventure,1990
373,Sci-Fi,1990
374,Action,1990
374,Children's,1990
375,Drama,1990
376,Comedy,1990
377,Children's,1990
377,Comedy,1990
378,Drama,1990
379,Horror,1990
380,Action,1990
380,Adventure,1990
380,Sci-Fi,1990
381,Comedy,1990
381,Romance,1990
382,Comedy,1990
382,Drama,1990
383,Children's,1990
383,Comedy,1990
384,Comedy,1990
385,Action,1990
385,Adventure,1990
385,Comedy,1990
385,Romance,1990
386,Comedy,1990
387,Drama,1990
388,Action,1990
388,Comedy,1990
389,Adventure,1990
389,Children's,1990
390,Comedy,1990
391,Action,1990
391,Comedy,1990
392,Drama,1990
393,Comedy,1990
394,Comedy,1990
394,Mystery,1990
394,Romance,1990
395,Comedy,1990
396,Comedy,1990
396,Crime,1990
396,Horror,1990
397,Action,1990
398,Action,1990
398,Adventure,1990
398,Children's,1990
398,Sci-Fi,1990
399,Action,1990
399,Adventure,1990
399,Comedy,1990
400,Children's,1990
400,Comedy,1990
401,Comedy,1990
402,Comedy,1990
402,Romance,1990
402,Thriller,1990
403,Action,1980
403,Adventure,1980
403,Crime,1980
403,Drama,1980
404,Animation,1940
404,Children's,1940
405,Action,1990
405,Adventure,1990
405,Mystery,1990
406,Horror,1990
406,Thriller,1990
407,Comedy,1990
408,Animation,1990
408,Comedy,1990
408,Thriller,1990
409,Comedy,1990
409,Drama,1990
410,Comedy,1990
411,Comedy,1990
411,Fantasy,1990
411,Romance,1990
411,Sci-Fi,1990
412,Comedy,1990
413,Horror,1990
414,Comedy,1980
415,Children's,1970
415,Comedy,1970
415,Western,1970
416,Children's,1950
416,Drama,1950
417,Children's,1960
417,Drama,1960
418,Animation,1950
418,Children's,1950
418,Musical,1950
419,Children's,1960
419,Comedy,1960
419,Musical,1960
420,Animation,1950
420,Children's,1950
420,Musical,1950
421,Drama,1990
421,Romance,1990
422,Animation,1990
422,Children's,1990
422,Comedy,1990
423,Children's,1980
423,Drama,1980
423,Fantasy,1980
423,Sci-Fi,1980
424,Horror,1990
425,Comedy,1990
426,Action,1980
426,Animation,1980
426,Children's,1980
426,Sci-Fi,1980
426,Thriller,1980
426,War,1980
427,Drama,1960
428,Comedy,1970
429,Drama,1950
429,Sci-Fi,1950
430,Comedy,1930
430,War,1930
431,Action,1980
431,Adventure,1980
432,Animation,1940
432,Children's,1940
432,Musical,1940
433,Comedy,1980
434,Sci-Fi,1950
435,Action,1960
435,Comedy,1960
435,Western,1960
436,Horror,1980
437,Horror,1990
438,Horror,1980
439,Horror,1990
440,Horror,1980
441,Horror,1970
442,Horror,1990
443,Horror,1960
444,Horror,1950
444,Sci-Fi,1950
445,Horror,1940
446,Horror,1970
447,Horror,1970
448,Horror,1970
449,Action,1970
449,Adventure,1970
449,Sci-Fi,1970
450,Action,1980
450,Adventure,1980
450,Sci-Fi,1980
451,Comedy,1970
451,Musical,1970
451,Romance,1970
452,Action,1970
452,Horror,1970
453,Action,1980
453,Horror,1980
454,Drama,1990
455,Action,1990
456,Action,1990
456,Comedy,1990
457,Adventure,1990
457,Children's,1990
457,Drama,1990
458,Drama,1990
459,Drama,1990
460,Drama,1990
461,Drama,1990
462,Drama,1990
462,Romance,1990
463,Adventure,1990
464,Drama,1990
465,Adventure,1990
465,Children's,1990
465,Romance,1990
466,Thriller,1990
467,Drama,1990
468,Drama,1990
469,Drama,1990
470,Western,1990
471,Drama,1990
471,War,1990
472,Action,1990
472,Adventure,1990
472,Fantasy,1990
473,Animation,1990
473,Children's,1990
473,Musical,1990
474,Sci-Fi,1960
474,War,1960
475,Drama,1990
476,Comedy,1990
477,Children's,1990
477,Comedy,1990
478,Comedy,1940
478,Romance,1940
479,Mystery,1950
479,Thriller,1950
480,Comedy,1950
480,Thriller,1950
481,Comedy,1960
481,Drama,1960
482,Comedy,1950
482,Crime,1950
483,Drama,1940
483,Romance,1940
483,War,1940
484,Film-Noir,1940
484,Mystery,1940
485,Musical,1960
485,Romance,1960
486,Comedy,1950
486,Romance,1950
487,Comedy,1950
487,Romance,1950
488,Film-Noir,1950
489,Film-Noir,1940
489,Romance,1940
489,Thriller,1940
490,Comedy,1950
490,Romance,1950
490,Thriller,1950
491,Action,1930
491,Adventure,1930
492,Drama,1950
493,Mystery,1930
494,Comedy,1940
495,Adventure,1950
495,Comedy,1950
496,Drama,1940
497,Comedy,1930
498,Action,1950
498,Adventure,1950
498,Romance,1950
498,War,1950
499,Drama,1950
500,Adventure,1990
500,Children's,1990
501,Animation,1940
501,Children's,1940
501,Musical,1940
502,Comedy,1970
502,War,1970
503,Drama,1970
504,Crime,1960
504,Drama,1960
505,Mystery,1950
505,Thriller,1950
506,Drama,1950
507,Drama,1950
508,Drama,1990
509,Drama,1980
510,Action,1950
510,Drama,1950
510,Western,1950
511,Adventure,1960
511,War,1960
512,Comedy,1980
512,Drama,1980
512,Romance,1980
513,Mystery,1940
513,Thriller,1940
514,Comedy,1970
514,Romance,1970
515,Action,1990
515,Drama,1990
515,War,1990
516,Comedy,1980
517,Comedy,1970
517,Drama,1970
517,Romance,1970
518,Drama,1990
519,Adventure,1940
520,Adventure,1960
520,War,1960
521,Drama,1970
521,War,1970
522,Comedy,1980
522,Drama,1980
523,Comedy,1960
523,Drama,1960
524,Comedy,1940
525,Film-Noir,1940
525,Mystery,1940
526,Action,1950
526,Adventure,1950
526,Drama,1950
527,Drama,1980
528,Drama,1980
528,War,1980
529,Drama,1980
530,Adventure,1970
531,Drama,1990
531,Romance,1990
532,Romance,1990
533,Mystery,1990
534,Drama,1990
535,Comedy,1990
535,Romance,1990
536,Drama,1990
537,Drama,1990
538,Animation,1990
538,Children's,1990
538,Musical,1990
539,Children's,1990
539,Comedy,1990
540,Action,1990
541,Action,1990
541,Adventure,1990
542,Animation,1990
542,Children's,1990
542,Musical,1990
542,Romance,1990
543,Drama,1990
543,Musical,1990
544,Crime,1990
544,Drama,1990
544,Romance,1990
545,Comedy,1990
545,Romance,1990
546,Action,1990
546,Thriller,1990
547,Crime,1990
548,Children's,1990
548,Fantasy,1990
549,Drama,1990
549,Romance,1990
549,War,1990
550,Action,1990
550,Thriller,1990
551,Horror,1990
552,Sci-Fi,1990
553,Drama,1990
553,Romance,1990
554,Action,1990
554,Adventure,1990
555,Drama,1990
556,Western,1990
557,Drama,1990
557,Musical,1990
558,Drama,1990
558,Fantasy,1990
558,Thriller,1990
559,Drama,1990
559,Horror,1990
560,Adventure,1990
560,Children's,1990
560,Comedy,1990
560,Fantasy,1990
560,Romance,1990
560,Sci-Fi,1990
561,Drama,1990
561,Horror,1990
562,Action,1990
562,Adventure,1990
562,Western,1990
563,Horror,1990
564,Comedy,1990
564,Horror,1990
565,Horror,1990
565,Thriller,1990
566,Action,1990
566,Adventure,1990
566,Thriller,1990
567,Horror,1990
568,Action,1990
568,Romance,1990
568,Thriller,1990
569,Drama,1990
569,Horror,1990
570,Western,1990
571,Comedy,1990
571,Thriller,1990
572,Action,1990
572,Thriller,1990
573,Horror,1990
573,Sci-Fi,1990
573,Thriller,1990
574,Mystery,1990
574,Romance,1990
574,Thriller,1990
575,Comedy,1990
575,Western,1990
576,Action,1990
576,Adventure,1990
576,Crime,1990
577,Comedy,1990
577,Sci-Fi,1990
578,Action,1990
578,Sci-Fi,1990
579,Comedy,1990
580,Comedy,1990
580,Romance,1990
581,Drama,1990
581,Thriller,1990
582,Drama,1990
582,Romance,1990
583,Crime,1990
583,Thriller,1990
584,Children's,1990
584,Drama,1990
585,Comedy,1990
586,Action,1990
587,Drama,1990
587,Mystery,1990
588,Animation,1990
588,Children's,1990
588,Musical,1990
589,Western,1960
590,Action,1990
590,Horror,1990
590,Sci-Fi,1990
591,Drama,1990
591,Thriller,1990
592,Mystery,1990
592,Thriller,1990
593,War,1990
594,Drama,1990
594,Romance,1990
595,Thriller,1990
596,Animation,1990
596,Children's,1990
596,Musical,1990
597,Action,1990
597,Thriller,1990
598,Comedy,1990
598,Drama,1990
599,Action,1990
600,Children's,1990
601,Adventure,1940
601,War,1940
602,Musical,1950
602,Romance,1950
603,Mystery,1950
603,Thriller,1950
604,Comedy,1930
605,Musical,1940
606,Drama,1950
607,Romance,1940
607,Thriller,1940
608,Mystery,1940
608,Romance,1940
608,Thriller,1940
609,Comedy,1950
610,Musical,1950
611,Crime,1940
611,Film-Noir,1940
611,Mystery,1940
612,Drama,1930
613,Comedy,1930
614,Drama,1950
615,Thriller,1930
616,Horror,1960
616,Sci-Fi,1960
617,Drama,1930
618,Drama,1950
619,Drama,1990
619,Thriller,1990
620,Drama,1990
621,Western,1950
622,Adventure,1960
622,Children's,1960
623,Children's,1990
623,Comedy,1990
624,Animation,1940
624,Children's,1940
624,Musical,1940
625,Animation,1960
625,Children's,1960
626,Children's,1940
626,Drama,1940
627,Drama,1990
628,Crime,1990
628,Drama,1990
629,Comedy,1980
629,Musical,1980
630,Comedy,1960
630,Musical,1960
631,Action,1990
631,Drama,1990
631,Romance,1990
631,War,1990
632,Drama,1980
633,Drama,1930
634,Documentary,1990
635,Horror,1980
636,Action,1980
636,Adventure,1980
636,Sci-Fi,1980
636,Thriller,1980
637,Comedy,1980
637,Horror,1980
638,Drama,1980
639,Drama,1970
640,Drama,1980
641,Drama,1950
641,War,1950
642,Crime,1990
642,Drama,1990
642,Film-Noir,1990
643,Drama,1990
643,Romance,1990
644,Documentary,1980
645,Documentary,1990
646,Western,1960
647,Drama,1980
647,War,1980
648,Comedy,1950
648,Romance,1950
649,Crime,1980
649,Drama,1980
649,Thriller,1980
650,Drama,1950
651,Action,1980
651,Drama,1980
651,War,1980
652,Comedy,1990
652,Drama,1990
653,Crime,1950
653,Film-Noir,1950
653,Thriller,1950
654,Film-Noir,1970
654,Mystery,1970
654,Thriller,1970
655,Adventure,1980
655,Comedy,1980
655,Drama,1980
656,Crime,1930
656,Film-Noir,1930
656,Thriller,1930
657,Film-Noir,1960
657,Thriller,1960
658,Drama,1990
659,Comedy,1940
659,Mystery,1940
659,Thriller,1940
660,Drama,1990
661,Western,1950
662,Drama,1980
662,Romance,1980
663,Comedy,1970
664,Drama,1980
665,Action,1990
665,Horror,1990
665,Sci-Fi,1990
665,Thriller,1990
666,Horror,1970
667,Horror,1970
668,Action,1980
668,Horror,1980
669,Horror,1990
670,Horror,1990
670,Sci-Fi,1990
670,Thriller,1990
671,Horror,1930
672,Horror,1990
673,Film-Noir,1960
673,Thriller,1960
674,Horror,1980
675,Horror,1920
676,Drama,1990
677,Documentary,1990
678,Drama,1990
678,Thriller,1990
679,Action,1980
679,Adventure,1980
680,Action,1990
680,Adventure,1990
681,Horror,1990
682,Horror,1990
682,Mystery,1990
682,Thriller,1990
683,Comedy,1990
684,Action,1990
684,Thriller,1990
685,Action,1990
685,Thriller,1990
686,Action,1990
686,Drama,1990
687,Comedy,1990
687,War,1990
688,Comedy,1990
689,Action,1990
689,Thriller,1990
690,Drama,1990
690,War,1990
691,Film-Noir,1990
691,Sci-Fi,1990
691,Thriller,1990
692,Comedy,1990
692,Drama,1990
692,Romance,1990
693,Drama,1990
694,Romance,1990
695,Comedy,1990
695,Drama,1990
696,Drama,1990
696,Thriller,1990
697,Drama,1990
698,Drama,1990
699,Drama,1990
700,Comedy,1990
701,Documentary,1990
702,Comedy,1990
702,Romance,1990
703,Drama,1990
704,Drama,1990
704,Romance,1990
705,Musical,1950
705,Romance,1950
706,Horror,1990
707,Drama,1990
708,Drama,1980
709,Comedy,1990
709,Romance,1990
710,Comedy,1980
711,Drama,1990
712,Comedy,1980
712,Drama,1980
713,Drama,1990
714,Drama,1990
714,Romance,1990
715,Comedy,1990
715,Drama,1990
716,Drama,1990
716,Romance,1990
717,Drama,1990
717,Thriller,1990
718,Comedy,1990
719,Comedy,1990
719,War,1990
720,Action,1990
720,Adventure,1990
720,Drama,1990
720,Romance,1990
721,Comedy,1990
722,Comedy,1990
723,Comedy,1990
723,Drama,1990
724,Drama,1990
724,Romance,1990
725,Comedy,1990
726,Children's,1990
726,Drama,1990
727,Drama,1990
727,Romance,1990
728,Comedy,1990
728,Sci-Fi,1990
729,Drama,1990
730,Drama,1990
730,Romance,1990
731,Comedy,1990
731,Drama,1990
731,Romance,1990
732,Comedy,1990
732,Romance,1990
733,Drama,1990
733,Romance,1990
734,Comedy,1990
735,Drama,1990
736,Drama,1990
736,Romance,1990
737,Comedy,1990
737,Drama,1990
738,Comedy,1990
738,Romance,1990
739,Comedy,1990
739,Romance,1990
740,Drama,1990
740,Romance,1990
741,Drama,1990
741,Thriller,1990
742,Drama,1990
742,Thriller,1990
743,Action,1990
743,Thriller,1990
744,Drama,1990
744,War,1990
745,Comedy,1970
746,Comedy,1980
747,Comedy,1990
747,Romance,1990
748,Action,1990
748,Romance,1990
748,Thriller,1990
749,Comedy,1990
749,Romance,1990
750,Drama,1990
751,Action,1990
751,Romance,1990
751,Thriller,1990
752,Action,1990
752,Thriller,1990
753,Drama,1990
754,Crime,1990
754,Thriller,1990
755,Action,1990
755,Adventure,1990
755,Children's,1990
755,Fantasy,1990
755,Sci-Fi,1990
756,Comedy,1990
757,Documentary,1990
758,Sci-Fi,1990
758,Thriller,1990
759,Action,1990
760,Sci-Fi,1990
761,Action,1990
761,Thriller,1990
762,Drama,1990
763,Comedy,1990
764,Comedy,1990
764,Romance,1990
765,Comedy,1990
765,Romance,1990
766,Documentary,1990
767,Horror,1990
768,Adventure,1990
768,Children's,1990
769,Action,1990
769,Adventure,1990
769,Mystery,1990
769,Sci-Fi,1990
770,Crime,1990
770,Film-Noir,1990
770,Mystery,1990
770,Thriller,1990
771,Action,1990
771,Sci-Fi,1990
771,Thriller,1990
772,Drama,1990
773,Thriller,1990
774,Horror,1990
775,Comedy,1990
775,Drama,1990
775,Romance,1990
776,Drama,1990
777,Horror,1990
778,Comedy,1990
778,Drama,1990
778,Romance,1990
779,Action,1990
780,Comedy,1990
781,Comedy,1990
781,Romance,1990
782,Drama,1990
783,Comedy,1990
783,Romance,1990
784,Drama,1990
784,Horror,1990
785,Comedy,1990
785,Romance,1990
786,Comedy,1990
786,Romance,1990
787,Comedy,1990
787,Drama,1990
788,Horror,1990
788,Thriller,1990
789,Comedy,1990
789,Drama,1990
790,Comedy,1990
791,Children's,1990
792,Comedy,1990
793,Comedy,1990
794,Drama,1990
794,Romance,1990
795,Children's,1990
795,Comedy,1990
796,Comedy,1990
796,Romance,1990
797,Action,1990
797,Sci-Fi,1990
798,Action,1990
799,Drama,1990
800,Horror,1990
800,Thriller,1990
801,Comedy,1990
802,Action,1990
802,Adventure,1990
802,Crime,1990
802,Thriller,1990
803,Action,1990
803,Drama,1990
803,War,1990
804,Comedy,1990
805,Comedy,1990
805,Mystery,1990
806,Action,1990
806,Crime,1990
806,Drama,1990
807,Drama,1990
808,Action,1990
808,Drama,1990
809,Action,1990
809,Drama,1990
809,Mystery,1990
810,Action,1990
811,Documentary,1990
812,Adventure,1990
812,Children's,1990
813,Documentary,1990
814,Documentary,1990
815,Drama,1990
815,Romance,1990
816,Horror,1990
817,Drama,1990
818,Comedy,1990
819,Comedy,1990
820,Adventure,1990
820,Animation,1990
820,Children's,1990
820,Comedy,1990
820,Fantasy,1990
821,Comedy,1990
821,Romance,1990
822,Drama,1960
823,Crime,1990
823,Film-Noir,1990
823,Thriller,1990
824,Comedy,1990
825,Action,1990
825,Sci-Fi,1990
825,Thriller,1990
826,Adventure,1990
827,Action,1990
827,Adventure,1990
827,Thriller,1990
828,Adventure,1990
828,Children's,1990
829,Action,1990
829,Adventure,1990
830,Action,1990
830,Mystery,1990
830,Thriller,1990
831,Action,1990
831,Adventure,1990
831,Sci-Fi,1990
831,Thriller,1990
832,Children's,1990
832,Drama,1990
832,Fantasy,1990
833,Action,1990
834,Horror,1990
834,Thriller,1990
835,Comedy,1930
835,Musical,1930
835,Romance,1930
836,Comedy,1930
836,Romance,1930
837,Drama,1940
838,Action,1990
839,Horror,1990
839,Thriller,1990
840,Action,1990
840,Drama,1990
840,Western,1990
841,Action,1990
841,Thriller,1990
842,Children's,1960
842,Comedy,1960
842,Drama,1960
843,Children's,1950
843,Comedy,1950
844,Crime,1990
845,Comedy,1990
846,Drama,1990
846,Romance,1990
847,Documentary,1990
847,Drama,1990
848,Film-Noir,1940
848,Thriller,1940
849,Action,1990
849,Romance,1990
850,Documentary,1990
851,Drama,1960
852,Drama,1990
852,Thriller,1990
853,Comedy,1990
853,Horror,1990
854,Comedy,1980
854,Horror,1980
855,Action,1980
855,Drama,1980
855,Mystery,1980
855,Romance,1980
855,Thriller,1980
856,Comedy,1990
856,Drama,1990
857,Documentary,1990
858,Horror,1990
859,Comedy,1980
859,Horror,1980
860,Horror,1980
860,Thriller,1980
861,Horror,1980
862,Adventure,1990
862,Children's,1990
862,Comedy,1990
863,Drama,1990
864,Comedy,1990
865,Drama,1990
866,Comedy,1990
866,Romance,1990
867,Drama,1990
868,Drama,1990
869,Comedy,1990
869,Romance,1990
870,Romance,1990
871,Comedy,1990
872,Romance,1990
873,Comedy,1990
873,Romance,1990
874,Drama,1990
875,Drama,1990
875,Romance,1990
876,Action,1990
876,Comedy,1990
877,Adventure,1990
877,Romance,1990
878,Children's,1990
878,Comedy,1990
878,Mystery,1990
879,Action,1990
879,Thriller,1990
879,War,1990
880,Drama,1990
881,Action,1990
881,Comedy,1990
882,Drama,1990
883,Drama,1990
884,Documentary,1990
885,Horror,1990
886,Romance,1990
886,Thriller,1990
887,Drama,1990
888,Drama,1990
889,Romance,1990
890,Action,1990
890,Adventure,1990
891,Drama,1990
891,War,1990
892,Children's,1990
892,Comedy,1990
892,Fantasy,1990
893,Comedy,1990
894,Children's,1990
894,Comedy,1990
895,Horror,1990
895,Thriller,1990
896,Drama,1990
897,Action,1990
897,Adventure,1990
897,Sci-Fi,1990
898,Drama,1990
899,Drama,1990
900,Drama,1990
901,Comedy,1990
902,Comedy,1990
902,Crime,1990
902,Mystery,1990
902,Thriller,1990
903,Drama,1990
903,Romance,1990
904,Comedy,1990
904,Drama,1990
905,Drama,1990
905,Romance,1990
906,Drama,1990
906,Romance,1990
907,Comedy,1990
908,Comedy,1990
909,Drama,1990
910,Drama,1990
911,Crime,1990
911,Drama,1990
912,Action,1990
912,Thriller,1990
913,Comedy,1990
914,Crime,1990
914,Drama,1990
914,Mystery,1990
914,Thriller,1990
915,Drama,1990
916,Action,1990
916,Sci-Fi,1990
916,Thriller,1990
917,Action,1990
917,Drama,1990
917,Thriller,1990
918,Romance,1990
919,Adventure,1990
919,Sci-Fi,1990
920,Drama,1990
921,Drama,1990
921,Romance,1990
922,Western,1990
923,Drama,1990
924,Adventure,1990
924,Drama,1990
925,Sci-Fi,1990
925,Thriller,1990
926,Comedy,1990
927,Drama,1990
928,Drama,1990
928,Horror,1990
929,Children's,1990
929,Comedy,1990
930,Action,1990
930,Adventure,1990
930,Thriller,1990
931,Sci-Fi,1990
931,Thriller,1990
932,Children's,1990
932,Comedy,1990
933,Drama,1990
934,Drama,1990
935,Drama,1990
935,War,1990
936,Comedy,1990
936,Drama,1990
936,Romance,1990
937,Drama,1990
938,Comedy,1990
938,Romance,1990
939,Drama,1990
939,Thriller,1990
940,Comedy,1990
941,Comedy,1990
941,Drama,1990
942,Drama,1990
943,Thriller,1990
944,Comedy,1990
944,Drama,1990
944,War,1990
945,Comedy,1960
945,Mystery,1960
945,Romance,1960
945,Thriller,1960
946,Animation,1980
946,Children's,1980
947,Adventure,1980
947,Romance,1980
948,Comedy,1990
948,Romance,1990
949,Drama,1990
949,Romance,1990
950,Drama,1990
951,Adventure,1990
951,Children's,1990
951,Fantasy,1990
952,Comedy,1990
953,Comedy,1990
953,Drama,1990
954,Documentary,1990
955,Drama,1990
955,Romance,1990
956,Drama,1990
957,Comedy,1990
958,Drama,1990
959,Comedy,1990
960,Drama,1990
961,Drama,1990
962,Drama,1990
963,Drama,1990
963,Thriller,1990
964,Comedy,1990
964,Drama,1990
965,Comedy,1950
965,Musical,1950
966,Romance,1950
967,Drama,1930
968,Musical,1940
969,Animation,1960
969,Children's,1960
970,Comedy,1990
971,Comedy,1990
971,War,1990
972,Drama,1990
973,Documentary,1990
974,Drama,1990
974,Thriller,1990
975,Thriller,1990
976,Action,1990
976,Sci-Fi,1990
976,Thriller,1990
977,Action,1990
978,Mystery,1990
978,Thriller,1990
979,Drama,1990
979,Thriller,1990
980,Drama,1990
981,Drama,1990
982,Action,1990
982,Adventure,1990
982,Thriller,1990
983,Thriller,1990
984,Thriller,1990
985,Drama,1990
986,Thriller,1990
987,Thriller,1990
988,Comedy,1990
988,Romance,1990
989,Animation,1990
989,Children's,1990
989,Musical,1990
990,Drama,1990
990,Romance,1990
991,Crime,1990
992,Comedy,1990
992,Thriller,1990
993,Adventure,1990
993,Animation,1990
993,Children's,1990
993,Comedy,1990
993,Musical,1990
994,Drama,1990
995,Comedy,1990
996,Children's,1990
996,Comedy,1990
997,Comedy,1990
998,Comedy,1990
999,Comedy,1990
1000,Comedy,1990
1000,Western,1990
1001,Comedy,1990
1002,Comedy,1990
1003,Children's,1990
1003,Comedy,1990
1003,Mystery,1990
1004,Drama,1990
1004,Western,1990
1005,Drama,1990
1006,Drama,1990
1006,Sci-Fi,1990
1007,Comedy,1990
1008,Drama,1990
1009,Drama,1990
1010,Drama,1990
1011,Crime,1990
1012,Comedy,1990
1012,Drama,1990
1013,Action,1990
1013,Adventure,1990
1013,Thriller,1990
1014,Comedy,1990
1015,Children's,1990
1015,Drama,1990
1016,Action,1990
1016,Adventure,1990
1016,Thriller,1990
1017,Drama,1990
1018,Drama,1990
1019,Action,1980
1019,Thriller,1980
1020,Mystery,1940
1020,Thriller,1940
1021,Drama,1960
1022,Documentary,1990
1023,Comedy,1990
1024,Romance,1990
1025,Action,1990
1025,Drama,1990
1025,Thriller,1990
1026,Comedy,1990
1026,Drama,1990
1027,Action,1990
1028,Comedy,1990
1028,Romance,1990
1029,Comedy,1990
1030,Comedy,1990
1031,Adventure,1990
1031,Children's,1990
1032,Children's,1990
1032,Comedy,1990
1033,Adventure,1990
1033,Children's,1990
1034,Action,1990
1034,Adventure,1990
1035,Comedy,1990
1036,Comedy,1990
1036,Fantasy,1990
1037,Comedy,1980
1037,Musical,1980
1037,Romance,1980
1038,Thriller,1990
1039,Drama,1990
1040,Comedy,1990
1040,Romance,1990
1041,Comedy,1990
1041,Romance,1990
1042,Mystery,1990
1042,Thriller,1990
1043,Comedy,1990
1044,Comedy,1990
1044,Drama,1990
1045,Drama,1990
1046,Thriller,1990
1047,Comedy,1990
1048,Comedy,1990
1048,Romance,1990
1049,Comedy,1990
1050,Drama,1940
1050,Romance,1940
1051,Comedy,1990
1052,Comedy,1990
1052,Horror,1990
1053,Drama,1990
1054,Comedy,1990
1055,Drama,1990
1056,Horror,1990
1057,Comedy,1990
1058,Adventure,1990
1058,Drama,1990
1059,Comedy,1990
1060,Adventure,1990
1060,Children's,1990
1061,Comedy,1990
1061,Drama,1990
1062,Drama,1990
1063,Children's,1990
1063,Drama,1990
1064,Crime,1940
1064,Film-Noir,1940
1065,Documentary,1980
1065,War,1980
1066,Animation,1990
1066,Children's,1990
1067,Comedy,1990
1068,Drama,1990
1069,Crime,1990
1069,Drama,1990
1069,Thriller,1990
1070,Comedy,1990
1071,Comedy,1990
1072,Comedy,1990
1072,Romance,1990
1073,Thriller,1990
1074,Comedy,1990
1074,Drama,1990
1075,Drama,1990
1076,Action,1990
1076,Adventure,1990
1076,Animation,1990
1076,Children's,1990
1076,Fantasy,1990
1077,Thriller,1990
1078,Animation,1980
1078,Children's,1980
1079,Comedy,1990
1079,Musical,1990
1080,Comedy,1990
1081,Crime,1990
1082,Drama,1990
1083,Crime,1990
1083,Thriller,1990
1084,Documentary,1990
1085,Drama,1990
1085,Romance,1990
1086,Drama,1990
1087,Action,1990
1088,Action,1990
1089,Action,1990
1089,Romance,1990
1089,Thriller,1990
1090,Thriller,1990
1091,Adventure,1970
1091,Animation,1970
1091,Children's,1970
1091,Musical,1970
1092,Comedy,1990
1093,Comedy,1990
1094,Comedy,1990
1095,Comedy,1990
1096,Romance,1990
1097,Drama,1990
1098,Comedy,1990
1099,Drama,1990
1100,Comedy,1990
1100,Drama,1990
1100,Romance,1990
1101,Drama,1990
1101,Mystery,1990
1102,Comedy,1990
1102,Romance,1990
1103,Comedy,1990
1103,Drama,1990
1104,Comedy,1990
1104,Crime,1990
1104,Drama,1990
1105,Action,1990
1105,Adventure,1990
1105,Thriller,1990
1106,Crime,1990
1106,Drama,1990
1107,Drama,1990
1108,Drama,1990
1109,Drama,1990
1109,Thriller,1990
1110,Action,1990
1110,Comedy,1990
1110,Musical,1990
1110,Sci-Fi,1990
1111,Drama,1990
1112,Drama,1990
1113,Drama,1990
1114,Comedy,1990
1115,Comedy,1990
1115,Drama,1990
1115,Romance,1990
1116,Adventure,1940
1117,Drama,1990
1118,Comedy,1970
1119,Drama,1980
1119,Romance,1980
1120,Comedy,1990
1121,Drama,1990
1121,Musical,1990
1122,Crime,1930
1122,Drama,1930
1123,Drama,1950
1124,Romance,1930
1124,War,1930
1125,Thriller,1960
1126,Adventure,1950
1126,Drama,1950
1127,Drama,1990
1128,Documentary,1990
1129,Drama,1990
1129,Mystery,1990
1129,Romance,1990
1130,Documentary,1990
1131,Thriller,1990
1132,Drama,1990
1132,Romance,1990
1133,Adventure,1970
1133,Children's,1970
1133,Fantasy,1970
1134,Drama,1990
1135,Drama,1990
1135,Musical,1990
1136,Drama,1990
1137,Drama,1990
1137,Romance,1990
1138,Action,1990
1138,Comedy,1990
1138,Crime,1990
1138,Drama,1990
1139,Action,1990
1139,Crime,1990
1139,Thriller,1990
1140,Comedy,1990
1141,Documentary,1990
1142,Documentary,1990
1143,Crime,1990
1143,Thriller,1990
1144,Drama,1990
1145,Drama,1990
1146,Drama,1990
1147,Drama,1990
1148,Drama,1990
1149,Drama,1970
1150,Drama,1990
1151,Crime,1990
1152,Romance,1990
1152,War,1990
1153,Drama,1990
1153,Musical,1990
1154,Sci-Fi,1960
1155,Comedy,1990
1155,Romance,1990
1156,Crime,1990
1156,Drama,1990
1157,Horror,1990
1158,Drama,1990
1159,Mystery,1970
1159,Sci-Fi,1970
1160,Drama,1990
1160,Romance,1990
1161,Action,1990
1161,Drama,1990
1162,Comedy,1990
1163,Drama,1990
1164,Children's,1990
1165,Comedy,1990
1165,Drama,1990
1166,Comedy,1990
1167,Comedy,1990
1168,Drama,1990
1169,Drama,1990
1170,Comedy,1990
1170,Drama,1990
1171,Drama,1990
1172,Comedy,1930
1173,Drama,1990
1173,Romance,1990
1174,Drama,1990
1174,Thriller,1990
1175,Romance,1990
1176,Drama,1990
1176,War,1990
1177,Comedy,1990
1178,Comedy,1990
1179,Comedy,1990
1180,Action,1990
1180,Comedy,1990
1181,Action,1990
1181,Comedy,1990
1182,Comedy,1990
1183,Action,1990
1183,Comedy,1990
1184,Documentary,1990
1185,Comedy,1990
1185,War,1990
1186,Comedy,1990
1186,Drama,1990
1187,Crime,1970
1188,Action,1990
1188,Comedy,1990
1188,Western,1990
1189,Drama,1990
1190,Comedy,1990
1190,Romance,1990
1191,Crime,1990
1191,Drama,1990
1192,Drama,1990
1193,Drama,1990
1194,Crime,1990
1194,Drama,1990
1195,Drama,1990
1196,Drama,1990
1197,Comedy,1990
1197,Drama,1990
1198,Crime,1960
1198,Thriller,1960
1199,Comedy,1990
1199,Horror,1990
1200,Children's,1950
1200,Drama,1950
1201,Documentary,1990
1202,Comedy,1990
1203,Comedy,1930
1203,Musical,1930
1203,Romance,1930
1204,Comedy,1940
1204,Drama,1940
1204,War,1940
1205,Drama,1990
1206,Comedy,1990
1207,Thriller,1990
1208,Crime,1990
1208,Drama,1990
1208,Thriller,1990
1209,Comedy,1990
1210,Sci-Fi,1990
1210,Thriller,1990
1211,Drama,1990
1211,Romance,1990
1212,Drama,1990
1212,Mystery,1990
1212,Romance,1990
1213,Crime,1990
1213,Drama,1990
1213,Thriller,1990
1214,Drama,1970
1215,Action,1990
1215,Sci-Fi,1990
1216,Romance,1990
1217,Thriller,1990
1218,Comedy,1990
1219,Animation,1990
1219,Children's,1990
1219,Comedy,1990
1219,Romance,1990
1220,Drama,1990
1221,Drama,1990
1222,Action,1990
1223,Drama,1990
1224,Drama,1990
1225,Comedy,1990
1226,Crime,1990
1226,Drama,1990
1227,Drama,1990
1228,Action,1990
1229,Drama,1990
1229,Thriller,1990
1230,Comedy,1990
1231,Action,1990
1231,Drama,1990
1232,Documentary,1990
1233,Drama,1990
1234,Comedy,1990
1235,Crime,1990
1236,Drama,1990
1237,Comedy,1990
1237,Drama,1990
1238,Drama,1990
1239,Action,1990
1239,Adventure,1990
1239,Romance,1990
1240,Animation,1990
1240,Sci-Fi,1990
1241,Comedy,1990
1241,Drama,1990
1242,Comedy,1990
1243,Horror,1990
1244,Action,1990
1245,Crime,1990
1246,Comedy,1990
1247,Western,1990
1248,Thriller,1990
1249,Comedy,1990
1250,Action,1990
1251,Comedy,1990
1252,Drama,1990
1253,Thriller,1990
1254,Comedy,1990
1255,Drama,1990
1256,Drama,1990
1257,Drama,1990
1258,Comedy,1990
1258,Romance,1990
1259,Comedy,1990
1259,Romance,1990
1260,Drama,1990
1261,Drama,1990
1262,Romance,1990
1263,Drama,1990
1264,Drama,1990
1265,Drama,1990
1266,Drama,1970
1267,Drama,1990
1268,Drama,1990
1269,Comedy,1950
1269,Romance,1950
1270,Comedy,1990
1271,Comedy,1990
1272,Comedy,1990
1272,Drama,1990
1273,Drama,1990
1273,Thriller,1990
1274,Sci-Fi,1990
1274,Thriller,1990
1275,Thriller,1990
1276,Drama,1990
1277,Action,1990
1277,Crime,1990
1278,Drama,1990
1278,Musical,1990
1279,Adventure,1990
1279,Children's,1990
1280,Crime,1990
1281,Drama,1990
1282,Drama,1990
1283,Comedy,1990
1284,Drama,1990
1284,Mystery,1990
1285,Drama,1990
1286,Comedy,1930
1286,Musical,1930
1286,Romance,1930
1287,Comedy,1990
1288,Comedy,1990
1289,Romance,1990
1290,Drama,1990
1290,Romance,1990
1291,Comedy,1990
1292,Children's,1990
1292,Fantasy,1990
1293,Adventure,1990
1293,Children's,1990
1293,Fantasy,1990
1293,Sci-Fi,1990
1294,Documentary,1990
1295,Comedy,1990
1295,Drama,1990
1296,Comedy,1990
1296,Drama,1990
1297,Drama,1990
1297,Romance,1990
1298,Comedy,1950
1298,Musical,1950
1299,Drama,1940
1299,Romance,1940
1300,Drama,1990
1300,Romance,1990
1301,Comedy,1980
1302,Comedy,1990
1303,Action,1990
1304,Action,1990
1304,Crime,1990
1305,Comedy,1990
1306,Drama,1990
1307,Documentary,1990
1308,Comedy,1990
1308,Drama,1990
1309,Drama,1970
1310,Drama,1940
1311,Comedy,1990
1311,Drama,1990
1312,Comedy,1990
1312,Drama,1990
1313,Film-Noir,1990
1313,Mystery,1990
1313,Thriller,1990
1314,Action,1990
1314,Adventure,1990
1314,Thriller,1990
1315,Drama,1990
1315,Romance,1990
1316,Drama,1990
1317,Drama,1990
1318,Documentary,1990
1319,Drama,1990
1320,Drama,1990
1321,Comedy,1990
1322,Comedy,1990
1323,Drama,1990
1324,Drama,1990
1324,Thriller,1990
1325,Drama,1990
1326,Drama,1990
1327,Drama,1990
1328,Drama,1990
1329,Drama,1990
1330,Drama,1990
1331,Documentary,1990
1332,Drama,1990
1333,Comedy,1990
1333,Drama,1990
1334,Drama,1990
1335,Drama,1990
1336,Children's,1990
1336,Comedy,1990
1336,Fantasy,1990
1337,Comedy,1990
1338,Drama,1990
1339,Comedy,1990
1339,Drama,1990
1340,Romance,1990
1341,Drama,1990
1342,Drama,1990
1343,Drama,1990
1344,Drama,1990
1345,Drama,1990
1346,Drama,1990
1347,Drama,1950
1348,Drama,1990
1349,Comedy,1990
1350,Drama,1940
1351,Comedy,1990
1352,Drama,1970
1353,Romance,1990
1354,Drama,1990
1355,Drama,1990
1356,Comedy,1990
1357,Romance,1990
1357,War,1990
1358,Action,1990
1359,Drama,1990
1360,Comedy,1990
1361,Comedy,1990
1362,Action,1990
1363,Documentary,1990
1364,Action,1990
1365,Action,1990
1365,Drama,1990
1366,Documentary,1990
1366,Drama,1990
1367,Animation,1990
1368,Drama,1990
1369,Drama,1950
1370,Drama,1990
1370,Thriller,1990
1371,Comedy,1990
1371,Horror,1990
1372,Action,1990
1373,unknown,1970
1374,Comedy,1980
1375,Drama,1990
1376,Comedy,1990
1377,Comedy,1990
1377,Romance,1990
1378,Documentary,1990
1379,Romance,1990
1380,Drama,1990
1381,Drama,1990
1382,Drama,1990
1383,Adventure,1990
1383,Children's,1990
1384,Drama,1990
1385,Comedy,1990
1385,Romance,1990
1386,Sci-Fi,1990
1387,Romance,1990
1388,Drama,1990
1389,Drama,1990
1390,Crime,1990
1391,Drama,1990
1392,Drama,1990
1393,Action,1990
1393,Thriller,1990
1394,Romance,1990
1395,Drama,1990
1396,Drama,1990
1397,Drama,1930
1398,Drama,1990
1399,Thriller,1990
1400,Drama,1990
1400,Romance,1990
1401,Drama,1990
1402,Drama,1990
1403,Comedy,1990
1403,Drama,1990
1404,Comedy,1980
1405,Drama,1990
1406,Drama,1990
1406,Romance,1990
1407,Action,1990
1408,Comedy,1990
1409,Animation,1990
1409,Children's,1990
1410,Drama,1990
1411,Adventure,1960
1411,Sci-Fi,1960
1412,Animation,1990
1412,Children's,1990
1413,Action,1990
1414,Action,1990
1415,Action,1990
1415,Children's,1990
1416,Action,1990
1416,Sci-Fi,1990
1417,Drama,1990
1418,Drama,1990
1419,Action,1990
1419,Sci-Fi,1990
1420,Comedy,1990
1421,Drama,1990
1422,Film-Noir,1990
1422,Thriller,1990
1423,Drama,1990
1423,War,1990
1424,Comedy,1990
1424,Drama,1990
1424,Romance,1990
1425,Comedy,1990
1425,Drama,1990
1426,Comedy,1990
1426,Drama,1990
1427,Drama,1990
1428,Comedy,1990
1429,Drama,1990
1429,Romance,1990
1430,Drama,1990
1431,Thriller,1990
1432,Drama,1990
1433,Action,1990
1433,Drama,1990
1434,Romance,1990
1435,Comedy,1990
1436,Drama,1990
1436,Romance,1990
1437,Comedy,1990
1438,Drama,1990
1439,Crime,1990
1439,Drama,1990
1440,Drama,1990
1441,Drama,1990
1441,Romance,1990
1442,Drama,1990
1443,Drama,1990
1444,Children's,1960
1444,Comedy,1960
1444,Mystery,1960
1445,Drama,1990
1446,Comedy,1990
1447,Drama,1990
1448,Drama,1990
1449,Drama,1990
1450,Adventure,1940
1450,Romance,1940
1451,Thriller,1940
1452,Comedy,1940
1452,Mystery,1940
1453,Crime,1940
1453,Drama,1940
1454,Western,1940
1455,Western,1940
1456,Comedy,1950
1456,Drama,1950
1457,Comedy,1990
1457,Drama,1990
1458,Comedy,1930
1458,Musical,1930
1458,Romance,1930
1459,Musical,1990
1460,Comedy,1990
1460,Drama,1990
1461,Comedy,1930
1462,Crime,1990
1462,Drama,1990
1462,Romance,1990
1463,Comedy,1990
1464,Drama,1990
1465,Comedy,1990
1465,Drama,1990
1466,Drama,1990
1467,Drama,1990
1468,Drama,1990
1469,Adventure,1990
1469,Children's,1990
1470,Animation,1990
1470,Children's,1990
1471,Thriller,1990
1472,Comedy,1990
1472,Sci-Fi,1990
1473,Children's,1930
1473,Drama,1930
1474,Comedy,1990
1474,Romance,1990
1475,Comedy,1990
1475,Drama,1990
1476,Film-Noir,1940
1477,Horror,1990
1477,Thriller,1990
1478,Action,1990
1478,Crime,1990
1478,Drama,1990
1479,Comedy,1990
1480,Adventure,1970
1480,Children's,1970
1480,Comedy,1970
1481,Drama,1990
1482,Documentary,1990
1483,Action,1990
1483,Drama,1990
1483,Romance,1990
1484,Action,1990
1484,Comedy,1990
1485,Drama,1990
1485,Romance,1990
1485,War,1990
1486,Drama,1990
1487,Comedy,1990
1487,Romance,1990
1488,Drama,1990
1489,Comedy,1990
1490,Comedy,1990
1491,Action,1990
1491,Drama,1990
1491,Thriller,1990
1492,Comedy,1990
1493,Romance,1990
1494,Comedy,1990
1495,Drama,1990
1496,Comedy,1990
1496,Crime,1990
1497,Documentary,1990
1498,Comedy,1990
1499,Comedy,1990
1500,Comedy,1990
1501,War,1990
1502,Comedy,1990
1502,Romance,1990
1503,Adventure,1990
1503,Children's,1990
1504,Comedy,1990
1505,Crime,1990
1505,Drama,1990
1506,Drama,1990
1507,Comedy,1990
1508,Drama,1990
1508,Thriller,1990
1509,Comedy,1990
1510,Crime,1990
1511,Comedy,1990
1512,Drama,1990
1513,Comedy,1990
1514,Drama,1990
1515,Adventure,1990
1515,Romance,1990
1516,Drama,1990
1517,Drama,1990
1518,Drama,1990
1519,Crime,1990
1519,Drama,1990
1520,Horror,1990
1521,Comedy,1990
1521,Romance,1990
1522,Thriller,1990
1523,Action,1990
1523,Adventure,1990
1524,Drama,1990
1525,Comedy,1990
1525,Romance,1990
1526,Drama,1980
1526,Romance,1980
1526,Thriller,1980
1527,Comedy,1990
1528,Drama,1990
1529,War,1990
1530,Drama,1990
1531,Adventure,1990
1531,Children's,1990
1532,Drama,1990
1533,Drama,1990
1534,Comedy,1990
1534,Crime,1990
1535,Drama,1990
1536,Drama,1990
1537,Comedy,1990
1538,Drama,1990
1539,Drama,1990
1540,Adventure,1990
1540,Children's,1990
1541,Drama,1990
1542,Drama,1920
1543,Drama,1990
1544,Comedy,1990
1545,Drama,1990
1545,Romance,1990
1546,Drama,1980
1547,Documentary,1990
1548,Action,1990
1548,Thriller,1990
1549,Thriller,1990
1550,Comedy,1990
1551,Drama,1990
1552,Action,1990
1553,Mystery,1990
1553,Thriller,1990
1554,Drama,1990
1555,Adventure,1990
1555,Children's,1990
1556,Action,1990
1556,Drama,1990
1556,Thriller,1990
1557,Comedy,1990
1557,Drama,1990
1558,Drama,1990
1559,Action,1990
1559,Drama,1990
1559,Thriller,1990
1560,Crime,1980
1561,Documentary,1990
1561,Drama,1990
1562,Documentary,1990
1563,Romance,1990
1564,Drama,1990
1565,Drama,1990
1566,Drama,1940
1567,Comedy,1990
1568,Comedy,1990
1568,Romance,1990
1569,Comedy,1980
1569,Drama,1980
1570,Comedy,1990
1571,Drama,1970
1572,Drama,1980
1573,Horror,1960
1574,War,1990
1575,Drama,1990
1576,Fantasy,1980
1577,Drama,1950
1578,Drama,1960
1579,Thriller,1980
1580,Romance,1930
1581,Mystery,1950
1582,Film-Noir,1940
1583,Drama,1980
1584,Drama,1940
1585,Documentary,1990
1586,Action,1990
1586,Crime,1990
1586,Drama,1990
1587,Western,1950
1588,Comedy,1990
1588,Drama,1990
1589,Comedy,1990
1590,Drama,1990
1591,Drama,1990
1592,Drama,1990
1593,Comedy,1990
1594,Documentary,1990
1595,Action,1990
1595,Thriller,1990
1596,Action,1990
1596,Sci-Fi,1990
1596,Thriller,1990
1597,Action,1990
1597,Drama,1990
1598,Crime,1990
1598,Thriller,1990
1599,Drama,1990
1600,Comedy,1990
1601,Thriller,1990
1602,Drama,1990
1603,Drama,1990
1604,Crime,1940
1604,Film-Noir,1940
1604,Thriller,1940
1605,Comedy,1990
1606,Crime,1990
1607,Drama,1990
1608,Adventure,1990
1608,Children's,1990
1608,Drama,1990
1609,Comedy,1990
1610,Action,1990
1610,Crime,1990
1610,Romance,1990
1611,Comedy,1990
1612,Romance,1990
1613,Action,1990
1613,Drama,1990
1614,Comedy,1950
1614,Drama,1950
1615,Action,1990
1615,Adventure,1990
1615,Children's,1990
1615,Fantasy,1990
1616,Drama,1990
1617,Romance,1990
1618,Action,1990
1618,Crime,1990
1619,Drama,1990
1620,Comedy,1990
1621,Thriller,1990
1622,Comedy,1990
1623,Drama,1990
1624,Thriller,1990
1625,Horror,1990
1625,Thriller,1990
1626,Comedy,1990
1626,Drama,1990
1627,Comedy,1990
1627,Drama,1990
1628,Drama,1990
1629,Documentary,1990
1630,Drama,1990
1631,Comedy,1990
1631,Drama,1990
1632,War,1990
1633,Comedy,1990
1633,Drama,1990
1634,Drama,1990
1635,Drama,1980
1636,Drama,1990
1637,Drama,1990
1638,Crime,1990
1638,Drama,1990
1639,Drama,1990
1640,Drama,1990
1641,Documentary,1990
1642,Drama,1990
1643,Drama,1990
1644,Comedy,1990
1645,Drama,1990
1646,Action,1990
1646,Drama,1990
1647,Comedy,1990
1647,Crime,1990
1647,Drama,1990
1648,Drama,1990
1649,Comedy,1990
1649,Documentary,1990
1650,Drama,1990
1651,Drama,1990
1651,Thriller,1990
1652,Romance,1990
1653,Drama,1990
1654,Comedy,1990
1655,Comedy,1990
1655,Romance,1990
1656,Comedy,1990
1656,Romance,1990
1657,Action,1990
1657,Drama,1990
1658,Drama,1990
1659,Comedy,1990
1660,Drama,1990
1661,Drama,1990
1662,Drama,1990
1662,Romance,1990
1663,Drama,1990
1663,War,1990
1664,Comedy,1990
1665,Drama,1990
1666,Drama,1990
1667,Drama,1990
1668,Comedy,1990
1669,Crime,1990
1669,Drama,1990
1669,Mystery,1990
1670,Comedy,1990
1670,Thriller,1990
1671,Drama,1990
1672,Drama,1990
1673,Action,1990
1673,Thriller,1990
1674,Drama,1960
1675,Drama,1990
1676,Drama,1990
1677,Drama,1990
1678,Drama,1990
1679,Romance,1990
1679,Thriller,1990
1680,Drama,1990
1680,Romance,1990
1681,Comedy,1990
1682,Drama,1990
